"","seed","auth_type","model_type","(Intercept)","fieldNeuro","fieldNeurology","gendermale","affil_lmicTrue","document_typeReview"
"1",1,"fa","rate",-3.63560629465887,0.111623609240774,-0.130596788827322,-0.0258269735837113,-0.127202160653762,-0.0641476330100599
"2",1,"fa","count",0.0459019414047449,0.147111144947559,-0.0930113326307445,-0.00948905102261254,-0.11603360778381,-0.0418213827932311
"3",1,"fa","papers",2.29604429873568,-0.19486289252496,0.0257998712551533,0.2459473401085,0.0712534791946555,0.152005247565635
"4",1,"la","rate",-2.92776229684517,0.185664352021895,-0.0621221422980654,-0.0465798739052536,-0.237492464867244,-0.142675258893664
"5",1,"la","count",0.747708433745424,0.184117237718885,-0.0250705169290572,-0.0329603126811945,-0.241249556951622,-0.139234820202239
"6",1,"la","papers",3.72686176768735,-0.121818369800379,0.0678962910900144,0.248095237678736,0.00962666304319908,-0.0188222672757646
"7",2,"fa","rate",-3.62150470426158,0.0974769647642135,-0.157937494324732,-0.0236043606052834,-0.13210549131913,-0.0670358669832587
"8",2,"fa","count",0.0586569686585032,0.138021565323396,-0.116863139705724,-0.00838350211760659,-0.125857110628738,-0.0547059528583183
"9",2,"fa","papers",2.29377591969141,-0.18709095892647,0.0343873806884559,0.243770245614475,0.0559152989755561,0.14954190561002
"10",2,"la","rate",-2.90798958729138,0.166180002069542,-0.0832035518627168,-0.0447172621316745,-0.249621836175301,-0.170157284124882
"11",2,"la","count",0.76026444980162,0.173242157368933,-0.0407640209244041,-0.0330394008709735,-0.241961580771433,-0.157057911548039
"12",2,"la","papers",3.72120795694752,-0.118822632029902,0.0677873713446439,0.252201299351701,0.0119164008233462,-0.00305192899056885
"13",3,"fa","rate",-3.62951433700311,0.0956425082928194,-0.155763386855647,-0.0204184862055753,-0.129256091927963,-0.0601770677157306
"14",3,"fa","count",0.0545297511321444,0.135115261674385,-0.111964594757143,-0.0122726153417342,-0.117345592941757,-0.039182218394191
"15",3,"fa","papers",2.30044535457954,-0.197720978176206,0.0169160497510575,0.24386039975935,0.0708472980355907,0.153978559917941
"16",3,"la","rate",-2.93903932271874,0.202443196222003,-0.0464696815417775,-0.0427136298469975,-0.233945231048139,-0.157068687232472
"17",3,"la","count",0.732798231635725,0.203246997839544,-0.00633729692908841,-0.0291348595918808,-0.225030674273264,-0.148512653449202
"18",3,"la","papers",3.72021078718131,-0.113134100447257,0.0661566043602645,0.252736122310491,0.00436205388359674,-0.0115059622553681
"19",4,"fa","rate",-3.62909358885015,0.103463723136366,-0.150197645109746,-0.0272320715791118,-0.131055450320841,-0.0718239229945311
"20",4,"fa","count",0.0538755392675471,0.145846403289757,-0.109675000804849,-0.0142906156553062,-0.120009811261827,-0.0627249547456907
"21",4,"fa","papers",2.29617162231963,-0.196572157632997,0.024664560412586,0.242509624267355,0.0644090792886065,0.158880255611178
"22",4,"la","rate",-2.92104629026869,0.182024796341945,-0.0559469355520528,-0.0553730555780192,-0.220467032253978,-0.154733698981993
"23",4,"la","count",0.743596806777372,0.185453814789696,-0.0104512856701688,-0.0392932665941477,-0.22406444575695,-0.150706385154685
"24",4,"la","papers",3.72567948148268,-0.118251033106732,0.0664553416454783,0.245945054628946,0.00592650882135888,-0.00483502575769868
"25",5,"fa","rate",-3.63021111432333,0.101686735903979,-0.146577199337283,-0.020564711595211,-0.134504252523053,-0.0700033716911012
"26",5,"fa","count",0.0518599501867489,0.141292695891602,-0.105611025071801,-0.00702098996127141,-0.120312758411599,-0.0521641470859821
"27",5,"fa","papers",2.29617803226738,-0.189572264249857,0.0245562514703607,0.245165299163081,0.0561005142730304,0.153391991948571
"28",5,"la","rate",-2.9316249942702,0.188875959340931,-0.0501768015802912,-0.0483089286217639,-0.27091136966351,-0.13832213417309
"29",5,"la","count",0.743510340637952,0.187784599313461,-0.0148801542211166,-0.0336856832813766,-0.26763208596259,-0.135205290129391
"30",5,"la","papers",3.72232462012563,-0.121007834050819,0.0743795346438818,0.24808519875737,0.00891915113515348,-0.00853646433026438
"31",6,"fa","rate",-3.63418643451381,0.107392698837237,-0.140507066209349,-0.0238986207887607,-0.134776642072435,-0.0607950269889184
"32",6,"fa","count",0.049865796639267,0.14433138062975,-0.100883444853264,-0.00885680506634371,-0.113190542411447,-0.0492014879635772
"33",6,"fa","papers",2.2971595870641,-0.190895307233675,0.0254877412389835,0.245436171598782,0.0805329222944875,0.149359488117185
"34",6,"la","rate",-2.91683703741186,0.18515372318459,-0.0595167619633301,-0.0525696036071568,-0.247384150686007,-0.157700921685788
"35",6,"la","count",0.762854266795404,0.178351173180826,-0.0280024143591269,-0.0439284570490109,-0.240387646995983,-0.14418471042176
"36",6,"la","papers",3.71907320097767,-0.113583937998532,0.0703900634546051,0.249817612133855,0.0095275897880518,-0.00902364404359885
"37",7,"fa","rate",-3.62339117044232,0.10405476773014,-0.1555719499343,-0.0307698534975904,-0.139802043707317,-0.0597533172484417
"38",7,"fa","count",0.0618055425615603,0.139878938425711,-0.113724295119947,-0.018752457231321,-0.13077825239815,-0.045048839209471
"39",7,"fa","papers",2.2974196539164,-0.194186839400627,0.0244834800070092,0.247396764220384,0.0727648812466708,0.139753063521623
"40",7,"la","rate",-2.92666844709237,0.187932274768209,-0.0563935583027298,-0.0521361202724239,-0.233997754818953,-0.159989691018633
"41",7,"la","count",0.741254425509403,0.189473539883562,-0.0158429543932264,-0.0353934559172487,-0.2257171081401,-0.147940169869864
"42",7,"la","papers",3.72027116686905,-0.113268055022064,0.0718823731624676,0.250688340511495,0.0124527446818386,-0.0132487336969284
"43",8,"fa","rate",-3.62384295492927,0.100526843739159,-0.15818135928605,-0.0253506127532425,-0.132101735034077,-0.0574503969518679
"44",8,"fa","count",0.0580126810093968,0.14452863860634,-0.113366601877982,-0.0111425662590853,-0.122139565762552,-0.0489154306675303
"45",8,"fa","papers",2.30491810531053,-0.202313786161521,0.0237411360712508,0.239853266319623,0.0663749170116908,0.14843084610089
"46",8,"la","rate",-2.93666667960983,0.185744654109114,-0.0533692717286395,-0.0408689138543572,-0.252649215513112,-0.139542080247523
"47",8,"la","count",0.737660942571331,0.184286503062051,-0.0171132654025597,-0.0294399309354776,-0.238482470830377,-0.131022176054292
"48",8,"la","papers",3.7213747902275,-0.114771249805474,0.0718982162746518,0.245705042771655,0.0113249645775092,-0.00816476311831672
"49",9,"fa","rate",-3.62710410540723,0.103653320363734,-0.145071358316924,-0.0296691085667504,-0.117378883189254,-0.0649112387492979
"50",9,"fa","count",0.0533665426821821,0.148449766654979,-0.102276956967863,-0.0161925571521624,-0.116672796137799,-0.0493849161809964
"51",9,"fa","papers",2.29404037888821,-0.18924547400154,0.0256207245565923,0.24735023775354,0.0621139932155699,0.154965282065657
"52",9,"la","rate",-2.92927404066416,0.190140451650657,-0.0576293681834603,-0.0408570773787641,-0.255145716719797,-0.159965578938329
"53",9,"la","count",0.742767359436806,0.189937929724937,-0.0193296140229067,-0.0261022000834681,-0.253945072481156,-0.151567138431797
"54",9,"la","papers",3.72127751242524,-0.111572634817547,0.0709641511660039,0.249434894292243,0.0065372862118532,-0.0157736466674449
"55",10,"fa","rate",-3.61878928663543,0.0960215659389364,-0.154015382683863,-0.0268067884511075,-0.139393575373353,-0.0647663099277503
"56",10,"fa","count",0.0631600773177546,0.135960470335119,-0.112332220843988,-0.0156650349768377,-0.12931113036866,-0.045959686705181
"57",10,"fa","papers",2.29642986162868,-0.188310777114626,0.0289670518618324,0.239165954081248,0.0659965456822298,0.155244549701916
"58",10,"la","rate",-2.93058166789847,0.191880064016095,-0.0626500575265655,-0.0444174942871657,-0.23602850958968,-0.156559943322506
"59",10,"la","count",0.743549909338309,0.198818155988205,-0.0201589575528298,-0.0338469262700133,-0.237978573390939,-0.145591614305092
"60",10,"la","papers",3.71423234723782,-0.11031127546577,0.0741190062844576,0.253440082156133,0.00461185125874699,-0.0037591727680125
"61",11,"fa","rate",-3.62937269521314,0.106282068901144,-0.149511521569818,-0.0263387109827366,-0.133501958483843,-0.0657834058483067
"62",11,"fa","count",0.052237164117772,0.147230030196647,-0.101381343987647,-0.0145922417838695,-0.118504809650459,-0.0582472661029903
"63",11,"fa","papers",2.29673281929735,-0.190549314588318,0.0293839857292283,0.241453758775983,0.0545854991281335,0.142849788341835
"64",11,"la","rate",-2.92339377990461,0.178132804509852,-0.0642904408254742,-0.04502680180227,-0.230733113602199,-0.154405519922632
"65",11,"la","count",0.745926919489568,0.177838073261691,-0.0224066499276814,-0.0286187973465624,-0.231350448866074,-0.144655912859838
"66",11,"la","papers",3.7220912900932,-0.120733724708828,0.0703732737925791,0.246179227181837,0.0102585592833236,0.000794576452602913
"67",12,"fa","rate",-3.62681190414334,0.0957728451118712,-0.155629498334076,-0.0162414746139739,-0.137061875267929,-0.0571458067301834
"68",12,"fa","count",0.0546425475831185,0.138488667281775,-0.111219128321945,-0.00414971482489839,-0.115817537641851,-0.0421062273608831
"69",12,"fa","papers",2.29543423505858,-0.191219276025247,0.0255877029739113,0.245225920006557,0.0650363212000416,0.154092161787873
"70",12,"la","rate",-2.91696086868482,0.175331000249384,-0.0636680620143099,-0.0487890558736659,-0.257158494407328,-0.170858166840021
"71",12,"la","count",0.761095511660834,0.178725629679018,-0.0273810532575665,-0.0424614888622656,-0.238922942598643,-0.159008510375223
"72",12,"la","papers",3.72812973362399,-0.116257101066494,0.0680742439967087,0.245009222644693,0.00544458382755038,-0.0118603944453167
"73",13,"fa","rate",-3.6273592554923,0.0965340292021209,-0.140165491761306,-0.0220107624037804,-0.142305086100773,-0.0715184436757497
"74",13,"fa","count",0.0565895361805161,0.13709692900722,-0.0997366983811443,-0.0120063326664475,-0.129148169341475,-0.0566046487105728
"75",13,"fa","papers",2.30162944226116,-0.201882325889372,0.0203644609931333,0.242741637990916,0.070934226064484,0.150669124372833
"76",13,"la","rate",-2.92042429728105,0.176798210425398,-0.0555827230136813,-0.045970031781489,-0.238232392549284,-0.17164359070904
"77",13,"la","count",0.751615586672979,0.18069694137146,-0.0176721453603385,-0.0315156605118297,-0.23896397346204,-0.158107195564185
"78",13,"la","papers",3.72476866008303,-0.125160553356091,0.0707596429261173,0.24859839189662,0.0118142577878448,-0.0127410235442431
"79",14,"fa","rate",-3.62996374795827,0.0994190575151171,-0.151491136531288,-0.0210620192991535,-0.120867773574877,-0.0590429317830529
"80",14,"fa","count",0.0523291473193453,0.140373052482191,-0.109873254684164,-0.00975863183609224,-0.115978240317956,-0.0403403245995445
"81",14,"fa","papers",2.29886623470172,-0.192991232977384,0.0249033490415695,0.243241949553071,0.0632506864902749,0.152122584330064
"82",14,"la","rate",-2.92297077194476,0.181033665999372,-0.0563817598640358,-0.0429815089379341,-0.258689483601972,-0.168721281075892
"83",14,"la","count",0.74986438879111,0.17997447472951,-0.0207606908835493,-0.027301939916596,-0.25866540050368,-0.157546107746127
"84",14,"la","papers",3.72140945425791,-0.124374292555805,0.0660624443393172,0.252280677906789,0.00863910793301235,3.29972629221358e-05
"85",15,"fa","rate",-3.62476332414948,0.0996059119182265,-0.154632706730498,-0.0261636590549791,-0.131303996066789,-0.0579560631582396
"86",15,"fa","count",0.0563512100119254,0.139641343381677,-0.111362754017987,-0.0118987888615649,-0.111661861496465,-0.0486690208187263
"87",15,"fa","papers",2.29879486299744,-0.195678742542901,0.0214098498598116,0.248393615742531,0.0644501257162018,0.151268686384823
"88",15,"la","rate",-2.92104127528509,0.183024689867589,-0.0585176808557026,-0.0455122279017036,-0.242332195751622,-0.169392238802073
"89",15,"la","count",0.74820716822956,0.18631617254484,-0.0143489277939139,-0.034385274961421,-0.236200134743961,-0.152451090006842
"90",15,"la","papers",3.71935564270644,-0.114117247350722,0.0724969901867342,0.250173867189074,0.00218397182582877,-0.00906979670683051
"91",16,"fa","rate",-3.62056368347851,0.0989334693885034,-0.149277743250326,-0.0167862879946187,-0.155743440669648,-0.0786583881121998
"92",16,"fa","count",0.0587911873524067,0.144292566428613,-0.101417981161802,-0.00753010784034884,-0.143467986942914,-0.0613888801755166
"93",16,"fa","papers",2.29779767226608,-0.195506490581084,0.0255897583123422,0.242869131308457,0.0688760635218932,0.15553486721318
"94",16,"la","rate",-2.91399722179422,0.186585502930107,-0.0616396015660892,-0.0527304196194686,-0.2438464525522,-0.157582543747813
"95",16,"la","count",0.755249937068253,0.189266588584833,-0.0198780642076887,-0.0399706864964115,-0.241850342664143,-0.144833995778954
"96",16,"la","papers",3.71803248361202,-0.113532651310506,0.0695009520763595,0.251362271255877,-0.00412977867817526,-0.00772902856747791
"97",17,"fa","rate",-3.62803866755023,0.101169151191406,-0.157322416797928,-0.0210394699910759,-0.145107850918738,-0.0618235921884984
"98",17,"fa","count",0.0535026895474931,0.139028232043997,-0.114077232117787,-0.00701079885024132,-0.129971490927882,-0.0446857592481339
"99",17,"fa","papers",2.29650116863705,-0.199379177580281,0.0203904689721263,0.248500449498293,0.0728861026482479,0.152497910829281
"100",17,"la","rate",-2.92820952861792,0.177721336111122,-0.0645708108521537,-0.0378214552004777,-0.234462993621325,-0.163755042779548
"101",17,"la","count",0.747034559844496,0.17935789452412,-0.022366605144805,-0.0260874473175638,-0.240616698178876,-0.154800417850618
"102",17,"la","papers",3.71876067043859,-0.113330542576559,0.0683859874746599,0.251113023149066,0.0107983671413957,-0.00354080614779825
"103",18,"fa","rate",-3.62367271959604,0.0981461004052643,-0.159267960905869,-0.0207112574765438,-0.125572204400069,-0.0657612411763084
"104",18,"fa","count",0.0593590071436099,0.138517671000332,-0.117278151664556,-0.00976859652774065,-0.116469922847797,-0.0545601419216593
"105",18,"fa","papers",2.30023543956071,-0.197351914777914,0.0280389707489583,0.240952679306297,0.0600867493157939,0.154221130678448
"106",18,"la","rate",-2.91932293866883,0.190190503162686,-0.0593566471482215,-0.0456026174797551,-0.253762056225892,-0.171109835746989
"107",18,"la","count",0.752168597438109,0.192441125696023,-0.017673194984859,-0.0322336097523248,-0.256137013849538,-0.161742876246624
"108",18,"la","papers",3.7183355332895,-0.119325548330383,0.0729833795673464,0.250681692263341,0.0118412888125168,-0.00827764684583518
"109",19,"fa","rate",-3.62020565662157,0.0926018347889673,-0.159302985396455,-0.0219037079622631,-0.130398713902101,-0.0634271289469844
"110",19,"fa","count",0.0602415553620267,0.136194534135863,-0.116834151038624,-0.00842907128748571,-0.120559940081982,-0.0481941107511356
"111",19,"fa","papers",2.29746598687022,-0.184607501952033,0.0221865095304205,0.240176529667258,0.0614861418056842,0.14632414029184
"112",19,"la","rate",-2.93356468390616,0.184346664105442,-0.0522549714623745,-0.0370873398648849,-0.253860897856961,-0.143796644665715
"113",19,"la","count",0.741267695732015,0.18609503246114,-0.0105098470361901,-0.0285437962726139,-0.239223353450654,-0.139263806286109
"114",19,"la","papers",3.72157473820476,-0.121074428748954,0.065494737798922,0.250848851728412,0.0020836564279666,-0.012634216798943
"115",20,"fa","rate",-3.62690416479744,0.0988198566348746,-0.152674541212554,-0.0248944618968275,-0.126024430331366,-0.0555355815656326
"116",20,"fa","count",0.0540225370512497,0.135384765663423,-0.113900140892005,-0.00759173248138482,-0.113418876013215,-0.0344591465911721
"117",20,"fa","papers",2.29619208444615,-0.186297020199608,0.0135415167094055,0.243871407046143,0.0751712678197912,0.150352937248201
"118",20,"la","rate",-2.92334701535704,0.185133270751099,-0.0492251984962599,-0.0514933543070748,-0.240396891606547,-0.162446589468833
"119",20,"la","count",0.747921560561612,0.189967929035091,-0.00954722455483719,-0.035885318072196,-0.229281377629708,-0.159601483908554
"120",20,"la","papers",3.71565293186081,-0.116292894614125,0.070774148785881,0.256110557264221,0.0128284182021634,-0.0110892413896787
"121",21,"fa","rate",-3.62893111776479,0.0962208478510025,-0.154756327676341,-0.0196741100013176,-0.130583638880362,-0.0602970165005717
"122",21,"fa","count",0.0547084172309855,0.137522934415183,-0.107595542156103,-0.00758761133998015,-0.124945306181298,-0.0493677330283271
"123",21,"fa","papers",2.29776132025246,-0.189460194363413,0.012103277361906,0.246035337693485,0.0643488538290605,0.155069944284705
"124",21,"la","rate",-2.92312908890077,0.187895879214627,-0.0648948386273615,-0.0520310687050719,-0.248106842737727,-0.134589960712801
"125",21,"la","count",0.750643271732824,0.185077637109187,-0.0268724633239402,-0.0399299247368523,-0.243774056810842,-0.118421034826958
"126",21,"la","papers",3.71975513388649,-0.115301972448046,0.0653455289455969,0.25006190117604,0.00796247186124064,0.00259920854652043
"127",22,"fa","rate",-3.62903429303218,0.105306359507816,-0.153415323703375,-0.0207001896891299,-0.144685285306344,-0.0634123418182227
"128",22,"fa","count",0.0535391604117298,0.143240326945042,-0.112868765019864,-0.0075735159567569,-0.134825835242343,-0.0546261098098754
"129",22,"fa","papers",2.29884496625871,-0.191686042427405,0.024081674479608,0.247038380147964,0.0664544863851893,0.147317161291158
"130",22,"la","rate",-2.92957247103702,0.182534741140027,-0.0556228130363783,-0.0441440157002749,-0.245148616350511,-0.166582844482928
"131",22,"la","count",0.746278023952824,0.182502242381288,-0.015338933364611,-0.0351022007943758,-0.230524652867988,-0.149028069516449
"132",22,"la","papers",3.71811683662625,-0.111682348031074,0.0663121482197818,0.254371148918751,0.000304730640367624,-0.0154925323612615
"133",23,"fa","rate",-3.62252878927508,0.0878622188530052,-0.153095686628834,-0.025015920286753,-0.137884110081859,-0.0574247847247366
"134",23,"fa","count",0.0563069525162129,0.129331130389717,-0.105187855550213,-0.0101536269441279,-0.116766907758002,-0.047310440792018
"135",23,"fa","papers",2.29885957558733,-0.18509404153466,0.0222801212367905,0.240802758533805,0.0677919658136498,0.142808170660994
"136",23,"la","rate",-2.92482065878758,0.184527405994008,-0.0612205798704268,-0.0452086683010701,-0.242714364148926,-0.156936038200655
"137",23,"la","count",0.743781668715726,0.183950557488235,-0.0174235137812156,-0.0308177839639385,-0.226826439641442,-0.144442329976244
"138",23,"la","papers",3.71813816285714,-0.112712833726906,0.0698126514990653,0.249224439060715,0.00120058741330657,-0.00756897654906865
"139",24,"fa","rate",-3.62943250193955,0.10863150560633,-0.149105031160453,-0.0259021814869461,-0.137275627230288,-0.0678530732190376
"140",24,"fa","count",0.0507348304104883,0.147590160915808,-0.107032768797345,-0.0130728753959581,-0.121053137361323,-0.0532201539066783
"141",24,"fa","papers",2.29533281104026,-0.196857139337803,0.0265664591777112,0.24320518638185,0.0693448554554959,0.155696664866457
"142",24,"la","rate",-2.92654039848525,0.182946978173762,-0.0631614279143493,-0.0420220017394958,-0.247044879790988,-0.165695795659327
"143",24,"la","count",0.743015588178244,0.188291150065222,-0.0231405224149273,-0.0276000949365887,-0.255018794763219,-0.146879909070827
"144",24,"la","papers",3.718133171987,-0.113207888514389,0.0703731767813228,0.25045936879674,0.0128201936419661,-0.0113245919747896
"145",25,"fa","rate",-3.63053431957781,0.107003042920419,-0.166949224222115,-0.0244193218647541,-0.131169111783462,-0.0515946394741142
"146",25,"fa","count",0.0518032849881049,0.14764328720815,-0.124366181084619,-0.0119333231654912,-0.126435606207603,-0.0313853096253757
"147",25,"fa","papers",2.29361132273903,-0.187795290232314,0.0216127021793528,0.243583512308817,0.0630762268192025,0.156675467153575
"148",25,"la","rate",-2.91711947773534,0.176719834012932,-0.0563732825603222,-0.0491350010929791,-0.255566710540887,-0.155418411591979
"149",25,"la","count",0.754747586420838,0.184446574060345,-0.0154525807911414,-0.0373863332915821,-0.260984882348879,-0.146788748904212
"150",25,"la","papers",3.72215550027925,-0.114873251521232,0.0735711005345177,0.249464422643001,0.0031898557093891,-0.0156599144713049
"151",26,"fa","rate",-3.62584767777575,0.107949071642697,-0.154054079095308,-0.0223951146372389,-0.153832845269098,-0.0604444849686189
"152",26,"fa","count",0.0537368241596249,0.149056115233915,-0.112841729099902,-0.00919864057642143,-0.142960348188378,-0.048187147798523
"153",26,"fa","papers",2.2947580046171,-0.185317631952754,0.0263944511245673,0.241570825967498,0.0566299129971979,0.148275341808983
"154",26,"la","rate",-2.91889335264009,0.190996572420321,-0.06744990392769,-0.0461502619094764,-0.235859316717049,-0.174002362236978
"155",26,"la","count",0.746674537468351,0.195043435281185,-0.0231762178269229,-0.0300970712855098,-0.238142784913441,-0.160176026893619
"156",26,"la","papers",3.71515058374841,-0.112445841696653,0.0777534622291781,0.249819397294378,0.000114206624992011,-0.0046505702737275
"157",27,"fa","rate",-3.62778337749943,0.103067618485711,-0.149626496392405,-0.0209097141566945,-0.131933717735028,-0.0566850173725641
"158",27,"fa","count",0.055094907809125,0.14579542775261,-0.103895955794854,-0.0117646439129568,-0.129315288864235,-0.0463998843882701
"159",27,"fa","papers",2.29344376969736,-0.181848737714525,0.0246860533842929,0.246012726721629,0.0640891090653079,0.146989410869837
"160",27,"la","rate",-2.92304214188475,0.192745905864765,-0.0640752995793823,-0.0509767730905329,-0.26127446429848,-0.148537636513006
"161",27,"la","count",0.74258008267839,0.189946993162083,-0.0270656472318725,-0.0285943954765813,-0.246504502112262,-0.137964769574113
"162",27,"la","papers",3.72077405630612,-0.121475593915347,0.0663637604453,0.250997215835759,-0.000120499683266845,0.0027294628221751
"163",28,"fa","rate",-3.62421958935599,0.101933483473702,-0.153398217059135,-0.0288377494741415,-0.13319206861105,-0.0555678889597305
"164",28,"fa","count",0.0534399411433506,0.1479575356371,-0.108735985850497,-0.0149118905910055,-0.122985277929208,-0.04095490634145
"165",28,"fa","papers",2.29583587417811,-0.19167003462815,0.0238979720398532,0.246532719822906,0.0640704679642855,0.151345364229821
"166",28,"la","rate",-2.91836818421683,0.182702440826973,-0.066692374412528,-0.0472621854565331,-0.260865235163081,-0.152320753456648
"167",28,"la","count",0.758229661424229,0.184100710014621,-0.0267690757300413,-0.0399697895572707,-0.250141026470591,-0.140574588210331
"168",28,"la","papers",3.72264030838502,-0.117400661055763,0.0692353183454797,0.252704558729477,0.000833043745439049,-0.011957151132476
"169",29,"fa","rate",-3.6269506893511,0.106397121965863,-0.147023811303794,-0.0313330126410493,-0.149904944898376,-0.0712575617602401
"170",29,"fa","count",0.0520237121668761,0.146885932954998,-0.103465628026936,-0.0173700040748272,-0.130789058752525,-0.0532063746361144
"171",29,"fa","papers",2.29391166298118,-0.181710695061456,0.0236896524317531,0.245129674225983,0.0552153097626978,0.153763364067178
"172",29,"la","rate",-2.92376123544248,0.181383112784921,-0.0543127276767487,-0.0477526079062792,-0.252006073645538,-0.165878803332771
"173",29,"la","count",0.749252567055953,0.188104062076417,-0.0130245837662523,-0.0378543514436387,-0.250289790595067,-0.160440131568027
"174",29,"la","papers",3.71976641828065,-0.115434402434334,0.0677205171976595,0.248098462202451,-0.00106703519126662,-0.00772442451650848
"175",30,"fa","rate",-3.63181534465386,0.104876386149507,-0.158761174525543,-0.018828227810982,-0.132026423091418,-0.0576043938704325
"176",30,"fa","count",0.0491493551194828,0.148333000325739,-0.11720988161989,-0.00380908168621936,-0.124238600362511,-0.050050018300426
"177",30,"fa","papers",2.29677237908236,-0.189576019814892,0.0216092528355069,0.243405844933941,0.0586749153511042,0.150102343668797
"178",30,"la","rate",-2.93402197375523,0.194827038234322,-0.051504481131469,-0.0420572698130626,-0.24551500779553,-0.153885787048445
"179",30,"la","count",0.73515926168119,0.191262272788017,-0.0118554254090468,-0.0232389218097786,-0.228182875620287,-0.154270727092812
"180",30,"la","papers",3.72166214671343,-0.113421073610698,0.067416706503677,0.247404249459509,0.00258424206788461,-0.00559087225456348
"181",31,"fa","rate",-3.63206478872165,0.106230611616239,-0.150045638484487,-0.0215718191266313,-0.125625273958834,-0.0697333336028645
"182",31,"fa","count",0.0489617392744052,0.146145721733606,-0.109149519102259,-0.00676622890429336,-0.109973763757406,-0.0541506179475675
"183",31,"fa","papers",2.29745740792594,-0.192309774947316,0.0235137659566101,0.248196419613706,0.0619406991846863,0.146768298314602
"184",31,"la","rate",-2.91887809709961,0.180001889757564,-0.0660689292740436,-0.0446537518937306,-0.258637226073672,-0.166687858686802
"185",31,"la","count",0.755413222898838,0.180843077297304,-0.0247577404368024,-0.0346636590339806,-0.256210385018449,-0.150447075187791
"186",31,"la","papers",3.72712679453819,-0.124257990261829,0.0662951917813341,0.246574628183784,0.000303968712584241,-0.0118721346440329
"187",32,"fa","rate",-3.62262049455302,0.103936766261039,-0.153519488181788,-0.0241313888771451,-0.137453773996347,-0.0739874825509937
"188",32,"fa","count",0.0545451416366869,0.14746845268744,-0.109024181948956,-0.0083297708269111,-0.116847918851553,-0.0606704941463366
"189",32,"fa","papers",2.30030083828961,-0.196466155995526,0.0282589917842496,0.242351130797682,0.0688992666014182,0.147403252898063
"190",32,"la","rate",-2.92972014017325,0.202714946054921,-0.0544262996545752,-0.0513027853686469,-0.248542852975692,-0.156376877857053
"191",32,"la","count",0.746433283448524,0.199389791937167,-0.0118496841311358,-0.0382899261655917,-0.238209471781093,-0.149193264279222
"192",32,"la","papers",3.72149522710979,-0.114764474397341,0.0724667044894614,0.248814066386403,0.00181021908436616,-0.00957208918986307
"193",33,"fa","rate",-3.62620990192928,0.106616368314048,-0.146049625048422,-0.0222314902385059,-0.140634729877543,-0.0795694238742121
"194",33,"fa","count",0.0547468051011482,0.145063716800126,-0.105852001237053,-0.00883931410825508,-0.124482298218323,-0.0600640967935605
"195",33,"fa","papers",2.29417433942997,-0.187289547672705,0.0302337990543077,0.24576019872511,0.064298243535257,0.144247346823761
"196",33,"la","rate",-2.9348449950166,0.187301336850452,-0.0483058652057327,-0.0439133025705587,-0.246969154467934,-0.139074693028477
"197",33,"la","count",0.737522751043335,0.189700869906433,-0.0154255742027048,-0.0311122962810407,-0.23145982215427,-0.122599973508799
"198",33,"la","papers",3.71491982220929,-0.11931388542921,0.0759270291275487,0.253429839543256,0.00529664723962533,0.00949236342709465
"199",34,"fa","rate",-3.62485649350318,0.101030226753879,-0.157872493277678,-0.0233191109765571,-0.14038433156696,-0.0703428547823413
"200",34,"fa","count",0.0547051525796861,0.143531689217732,-0.114502709430951,-0.0105580840730417,-0.11848210678639,-0.0475187330854604
"201",34,"fa","papers",2.29668181926696,-0.188761066602347,0.0276087691010316,0.242956973077466,0.0654020108872202,0.145388623979886
"202",34,"la","rate",-2.93199179197676,0.185036469982625,-0.0482198144429372,-0.0445632955608765,-0.245271207637088,-0.156711533644715
"203",34,"la","count",0.740508463402933,0.183518268602896,-0.0137727219503322,-0.0310947226951773,-0.238863247315251,-0.1416108886188
"204",34,"la","papers",3.71153763967909,-0.109397690097453,0.0809269172920721,0.251157283279546,-0.0111687920098548,0.00285367618896836
"205",35,"fa","rate",-3.6281600566758,0.0974806335949649,-0.146037673226213,-0.0239708725517009,-0.1271579431875,-0.0626779701292897
"206",35,"fa","count",0.0578138841411664,0.137251307443406,-0.109372304632431,-0.00891872384865428,-0.129694781116359,-0.0472176170433331
"207",35,"fa","papers",2.29320729362426,-0.194334292168505,0.0303136018801109,0.247137926435145,0.0719941452335282,0.153284776033048
"208",35,"la","rate",-2.92013577151557,0.184772691133236,-0.0564912211260696,-0.0496613195287566,-0.252167241757056,-0.162151844651229
"209",35,"la","count",0.753570796288987,0.182058311208728,-0.0120692881562405,-0.0374189052583465,-0.247146245229582,-0.154292060967401
"210",35,"la","papers",3.7192189781023,-0.121875891935119,0.0750879929695469,0.250426076770809,0.0124571563688569,-0.00121004923130075
"211",36,"fa","rate",-3.61970747984859,0.0942765166659991,-0.164330797020846,-0.028631956261392,-0.120052623273831,-0.0881518520872024
"212",36,"fa","count",0.062541789797873,0.137038473633918,-0.123654082813621,-0.0151154582009298,-0.114994345287799,-0.0697092539973433
"213",36,"fa","papers",2.29816033409161,-0.1948211821936,0.0186596687485497,0.241236844103498,0.0735172724823966,0.157214863891891
"214",36,"la","rate",-2.92926037532169,0.180161287005436,-0.05863245053719,-0.0423082760511712,-0.242930207828856,-0.146683352680246
"215",36,"la","count",0.741438263946384,0.178538596579675,-0.0203004450400396,-0.0261781349167436,-0.238541965660833,-0.130309285624847
"216",36,"la","papers",3.72177516277456,-0.11891795992816,0.0710798000373725,0.249122923544288,0.011829467669631,-0.00376492732163605
"217",37,"fa","rate",-3.62168363375025,0.0946248732991198,-0.150866393962874,-0.0233328923636056,-0.129658507243966,-0.0488760603738206
"218",37,"fa","count",0.0561728796265151,0.140966552783135,-0.105374275462791,-0.00783158356104997,-0.117338694741847,-0.0439892405765186
"219",37,"fa","papers",2.29588261360081,-0.195465865855196,0.0224345255932528,0.245417898817838,0.0723481132033623,0.151133415805787
"220",37,"la","rate",-2.92089049328265,0.190885897653975,-0.0539499059278833,-0.051512253868409,-0.252181529072899,-0.149112096069159
"221",37,"la","count",0.751663429077587,0.185665310160861,-0.0209996868771247,-0.0357926157582862,-0.235510018461026,-0.143822132074829
"222",37,"la","papers",3.71793592737524,-0.118508734606383,0.0697308255172789,0.253328446632065,0.00955109402606057,-0.00387012214627315
"223",38,"fa","rate",-3.61947320379465,0.101532401874,-0.157606535702277,-0.0273174642101419,-0.137724973751607,-0.0700706070859884
"224",38,"fa","count",0.0622125430701019,0.141911181650303,-0.116834349871821,-0.0139156839247767,-0.122109374404585,-0.0546262156799271
"225",38,"fa","papers",2.29568400584566,-0.188465701810712,0.0223518746715116,0.241107793348533,0.0676452637413975,0.152031513757659
"226",38,"la","rate",-2.93016079457448,0.189320397472477,-0.0620048461582054,-0.0409354170574606,-0.224737279774177,-0.153219728476619
"227",38,"la","count",0.742779514593261,0.18802342350467,-0.0208144681211748,-0.0290326973561477,-0.222270847783613,-0.136633199138779
"228",38,"la","papers",3.71985192125566,-0.111146263972933,0.0674731299333894,0.247733858003327,0.0145650787448249,-0.00475074585381419
"229",39,"fa","rate",-3.62781579453786,0.101725478257992,-0.149052969165376,-0.0167874983319123,-0.135746094554145,-0.0630449666818458
"230",39,"fa","count",0.0492892501708584,0.147297705751841,-0.106622465015981,-0.00291711417479619,-0.131409711987103,-0.0469113657980538
"231",39,"fa","papers",2.30083836988233,-0.193132557535652,0.0184121456004009,0.242534031243923,0.0633922228104517,0.151359358999967
"232",39,"la","rate",-2.92528302614225,0.183799535870618,-0.0564062971794872,-0.039480505899551,-0.265536422501078,-0.165397110145551
"233",39,"la","count",0.743481434249049,0.187722861502363,-0.0156373823569768,-0.0292606406416218,-0.25766006669884,-0.14279435614825
"234",39,"la","papers",3.72043218608476,-0.116873552732156,0.0687722508763397,0.249862206330311,0.00484375547151148,-0.00796303668552656
"235",40,"fa","rate",-3.6225918159973,0.0934475700475444,-0.153181256118641,-0.0238513065955873,-0.127718301890677,-0.0543236065073698
"236",40,"fa","count",0.055112208569832,0.136745916996012,-0.106146318481603,-0.00966568852799358,-0.118360294729659,-0.0451912418121411
"237",40,"fa","papers",2.29536515377209,-0.189938802861891,0.0280298453975594,0.24361954619554,0.0587351731251091,0.150700501159813
"238",40,"la","rate",-2.92186993148664,0.186398062173033,-0.0526153737911033,-0.0524871436854481,-0.239521296891392,-0.167623916605317
"239",40,"la","count",0.744652326421849,0.188615044182797,-0.0201700146251109,-0.0356502700888751,-0.229843023032096,-0.147630365439621
"240",40,"la","papers",3.71633649938656,-0.117185517688626,0.0710736486602849,0.247305960412872,0.00671880469090958,0.0042587380548809
"241",41,"fa","rate",-3.62314423464541,0.0922716872918097,-0.154630600668067,-0.023615859095252,-0.133596496142876,-0.06689099972675
"242",41,"fa","count",0.0582709062455318,0.135644345258035,-0.111004816536774,-0.0135556436605432,-0.118347962224503,-0.0540365627151924
"243",41,"fa","papers",2.29112602024535,-0.187364480141966,0.0267598222365669,0.244906653152479,0.0595851915387989,0.161360810625032
"244",41,"la","rate",-2.9376126891971,0.201684464889007,-0.0520013383890053,-0.0423844186337061,-0.230242108611041,-0.151337997083169
"245",41,"la","count",0.735622564420096,0.20063829159249,-0.0107153054644468,-0.0304109452357671,-0.221918154880967,-0.141522122164523
"246",41,"la","papers",3.72396690371057,-0.12044214781381,0.0693406170342133,0.247288055731898,0.00648840924525949,-0.013292316366368
"247",42,"fa","rate",-3.62954339313239,0.0994826895042691,-0.153674242061812,-0.0179269210937907,-0.12544882964355,-0.0680057987540009
"248",42,"fa","count",0.0512508986378785,0.143482533992056,-0.108122205977063,-0.00744145398084643,-0.110775927984868,-0.0512923108374093
"249",42,"fa","papers",2.29556846336628,-0.193582929476897,0.0220090886248413,0.243277916068986,0.0678530035113211,0.152257785111213
"250",42,"la","rate",-2.92992125679383,0.181980793720863,-0.0610238395800953,-0.0327172691356014,-0.257888525311425,-0.159514131244657
"251",42,"la","count",0.735932950775184,0.188450235708351,-0.0163224198801666,-0.0216383537614615,-0.255092897530641,-0.141558799897823
"252",42,"la","papers",3.71762953090104,-0.114260683336957,0.0690424888590993,0.251470724032691,0.0037027369511917,-0.00913488169476183
"253",43,"fa","rate",-3.62464366671409,0.100551299855422,-0.145680691627075,-0.0261985035319174,-0.133146039485631,-0.0712400971228222
"254",43,"fa","count",0.0560319973875979,0.141440543889256,-0.103120280413826,-0.0143766990054361,-0.119202675729068,-0.056648518240107
"255",43,"fa","papers",2.29821426843548,-0.193577733373477,0.0268281494110688,0.244261326433434,0.0611685915862226,0.139578060396512
"256",43,"la","rate",-2.93073719808799,0.192098738592512,-0.0599986072558041,-0.0320688089254037,-0.251478819097515,-0.169272221926444
"257",43,"la","count",0.742223237695252,0.196308903925767,-0.0262543825313588,-0.0200444380310897,-0.248634072791827,-0.154985797466134
"258",43,"la","papers",3.7197118288674,-0.115430111493766,0.0681439125516715,0.248583727339134,0.00617929390876473,-0.00313850506008379
"259",44,"fa","rate",-3.6268208605771,0.0981658366873395,-0.156799536787322,-0.0185377956192621,-0.122154244383484,-0.056283859041638
"260",44,"fa","count",0.0593183411937837,0.134425307277295,-0.117369861558385,-0.011001301237307,-0.114415006287561,-0.0454474573169689
"261",44,"fa","papers",2.29508879245276,-0.195728717155026,0.02708542652774,0.246249533508236,0.0710968726388652,0.154709943077183
"262",44,"la","rate",-2.92407469575543,0.186026589454597,-0.0498282468740024,-0.0517514534601922,-0.264442888369118,-0.154633716879771
"263",44,"la","count",0.74735707172117,0.190840626888442,-0.0152278891107202,-0.0377117939056794,-0.258553281974704,-0.145377268727173
"264",44,"la","papers",3.7178214466166,-0.112380281598103,0.0727140211357599,0.251038593855419,0.00862079265116131,-0.00783081439191489
"265",45,"fa","rate",-3.63634379468276,0.115547854941689,-0.1413978555351,-0.0253401639040799,-0.146099721145904,-0.0620304587768391
"266",45,"fa","count",0.048937681411154,0.15153883194732,-0.0994752851676724,-0.0126701227591566,-0.134728119258104,-0.0489068594637027
"267",45,"fa","papers",2.29651058586565,-0.190848651172528,0.0207042521387838,0.243866781986919,0.0622825261986203,0.153203630361412
"268",45,"la","rate",-2.92622338403256,0.179160673988104,-0.0634946388073297,-0.0464012657671405,-0.27193683702282,-0.150702099119961
"269",45,"la","count",0.750320757085027,0.178160446463596,-0.0283745961476949,-0.0360159647642093,-0.267131801919885,-0.144552990170246
"270",45,"la","papers",3.7179518455027,-0.114828611474931,0.076262438906125,0.249630277917646,-0.00111299224514116,-0.00954940586599358
"271",46,"fa","rate",-3.62436005479235,0.100554835476794,-0.152190612842967,-0.0237046545523775,-0.125333848362549,-0.0710445159664419
"272",46,"fa","count",0.0600812147943203,0.134774479785676,-0.10939998745787,-0.0110224149151441,-0.113777640530358,-0.0599094436109322
"273",46,"fa","papers",2.29331668116126,-0.187630417912605,0.0276430786495647,0.244517923194302,0.062431724400817,0.152935100074406
"274",46,"la","rate",-2.9298332513364,0.194626430195922,-0.0532567844025299,-0.0476411265918114,-0.236440268896644,-0.15715626557858
"275",46,"la","count",0.740353874473821,0.202109261973794,-0.0120936040277447,-0.0335997967605049,-0.231091688827304,-0.150665652185486
"276",46,"la","papers",3.71976057582757,-0.120578614615725,0.0690612974540457,0.253575865665929,-0.00676665603476034,-0.00621698356915116
"277",47,"fa","rate",-3.62766774994738,0.101154094318801,-0.152752484934487,-0.0238833681412952,-0.124797125886198,-0.0817302475467942
"278",47,"fa","count",0.0511543486659344,0.141201866474561,-0.108920825115276,-0.0074919956969575,-0.117244071222323,-0.0596559939221613
"279",47,"fa","papers",2.2979614754681,-0.192436719742665,0.0261017661559863,0.243587516658879,0.0697743274217648,0.149103852373846
"280",47,"la","rate",-2.92402310419797,0.183369962807912,-0.0590740325051065,-0.048830381734329,-0.23933465635696,-0.159372945632865
"281",47,"la","count",0.747116849317901,0.190846796215962,-0.0190599290637761,-0.0367245185182649,-0.232075636289239,-0.144514823291076
"282",47,"la","papers",3.7186077429151,-0.114115411170029,0.0658118514957871,0.250116454002633,0.0136091494844045,-0.00329294635688025
"283",48,"fa","rate",-3.62286916257723,0.0980382456589863,-0.15316753972968,-0.0225497997152726,-0.135855830184509,-0.0660278692619028
"284",48,"fa","count",0.0585594275858638,0.138083955301101,-0.107443057110932,-0.00918129699526199,-0.1276903966949,-0.0529827828574272
"285",48,"fa","papers",2.2970867220128,-0.195647946113009,0.023199040461016,0.248185729365796,0.0606548259028627,0.154463253017047
"286",48,"la","rate",-2.9254408381467,0.187666996436837,-0.0546740749113632,-0.0492656101502058,-0.24525823881102,-0.175684666233644
"287",48,"la","count",0.746759067916558,0.18628004153336,-0.0180844716402552,-0.0343928797390145,-0.236191315402845,-0.163319984287839
"288",48,"la","papers",3.72268479785672,-0.120644313705588,0.0748940624006999,0.248428771120377,0.0106466705595288,-0.0106363195528023
"289",49,"fa","rate",-3.62598241656719,0.0999005189130941,-0.152004751017891,-0.0207981390299112,-0.131334980558424,-0.0870964320112995
"290",49,"fa","count",0.0552485287044287,0.135827844418545,-0.112725152286241,-0.00654939967039326,-0.120989823452197,-0.0664644467056708
"291",49,"fa","papers",2.29967869260019,-0.194682343304213,0.0221642019576152,0.241812287927729,0.0621774858332648,0.148601930533226
"292",49,"la","rate",-2.91020395728555,0.181237290464902,-0.0606240570821644,-0.0542206490300182,-0.260518250134637,-0.165778641816889
"293",49,"la","count",0.760093293252782,0.179949926136519,-0.0214902160001984,-0.0390412881141189,-0.252102699735513,-0.140935004653766
"294",49,"la","papers",3.71858193696495,-0.111993076836887,0.0733100781352842,0.249621571704256,0.00531504089246735,-0.00337531981851631
"295",50,"fa","rate",-3.62878720281064,0.104300188086225,-0.149031183810162,-0.0195062287677403,-0.142045809455295,-0.0814158738259925
"296",50,"fa","count",0.0553674222882181,0.146281746433578,-0.100952588240246,-0.0115335239872846,-0.123410525736155,-0.0730642338150917
"297",50,"fa","papers",2.3006748577131,-0.192403287714219,0.0241679236478896,0.240909763832966,0.0533610855879159,0.152212917001513
"298",50,"la","rate",-2.92841888802297,0.192333037429126,-0.0551106726500665,-0.0390489455828499,-0.249654907560094,-0.166527230343482
"299",50,"la","count",0.748186239238075,0.197158176460404,-0.0172543261781325,-0.0317193971985106,-0.249570290663097,-0.159772647994037
"300",50,"la","papers",3.71974667775285,-0.111935961999428,0.0711796414380547,0.250702507135863,0.00607415441246349,-0.0149192780494745
"301",51,"fa","rate",-3.630987541914,0.100155570998241,-0.147172987674269,-0.0189879539380623,-0.142321863912335,-0.0649365851711915
"302",51,"fa","count",0.0521012182521043,0.14265345613015,-0.104871339596774,-0.00762461667790299,-0.12340276044197,-0.0560296882218749
"303",51,"fa","papers",2.29183339008821,-0.19214099166517,0.0261869608981864,0.244746271443667,0.0631355936224287,0.164854314394778
"304",51,"la","rate",-2.93745250835944,0.196990892139764,-0.0560802252906646,-0.0416118928222724,-0.249982515859604,-0.138643806366204
"305",51,"la","count",0.736324655641616,0.197181286459149,-0.01833157179552,-0.0321600980510848,-0.248302648155654,-0.122282484375616
"306",51,"la","papers",3.71877377241135,-0.104659952257859,0.060113047055701,0.248469173523371,-0.00459810322821987,-0.0106981692176942
"307",52,"fa","rate",-3.62318342435542,0.0995626710810532,-0.152026066462785,-0.0203652389442701,-0.125816096055682,-0.084389557971594
"308",52,"fa","count",0.0555924487370349,0.138357571813474,-0.112741531384985,-0.00667704667579403,-0.110137594623452,-0.0622118647450367
"309",52,"fa","papers",2.29411531433835,-0.193474755050168,0.0217712786032331,0.246784871615767,0.0622189843466853,0.156067511060071
"310",52,"la","rate",-2.92153059983841,0.179196285549335,-0.0577493809983876,-0.0503596192622319,-0.248091551408148,-0.159338737032815
"311",52,"la","count",0.752426381370605,0.180849261414352,-0.0209465512587507,-0.0372590746470592,-0.239106211789595,-0.150844943873736
"312",52,"la","papers",3.72201240179498,-0.121946252076955,0.0733157130393108,0.250206579257663,0.012096259491822,-0.00935014293125319
"313",53,"fa","rate",-3.62377035392944,0.100933572420152,-0.159014457637552,-0.0258709983813669,-0.136325111157896,-0.0819586274038741
"314",53,"fa","count",0.058058815728993,0.145813272098508,-0.112941356276807,-0.0143446623836103,-0.128596310091824,-0.0756554489500009
"315",53,"fa","papers",2.29150863164262,-0.193041123455643,0.026639107645582,0.244521766235658,0.0816244300098228,0.153425945659772
"316",53,"la","rate",-2.92427127179628,0.172345029505612,-0.0628203522520412,-0.0370958818849638,-0.241460900582735,-0.162747890072556
"317",53,"la","count",0.750666621557592,0.171595019255733,-0.0270988090288278,-0.0264862005448446,-0.239098574255972,-0.146998987356236
"318",53,"la","papers",3.72314936894109,-0.117876789422218,0.0727941425820332,0.249234130910033,0.0060121781268969,-0.0167749100795332
"319",54,"fa","rate",-3.62165217092997,0.0958085477093536,-0.156276749021983,-0.025592751869893,-0.124934654421688,-0.0567888350236108
"320",54,"fa","count",0.0615244677223045,0.136097817343915,-0.110852083799482,-0.0147194389445717,-0.106509429700567,-0.0485954653003186
"321",54,"fa","papers",2.2967739921975,-0.193208692935361,0.0230053785005569,0.24531611433947,0.063072967816468,0.159253830239119
"322",54,"la","rate",-2.92783862857966,0.18411246543575,-0.0550138979595945,-0.0434597999631024,-0.266732544015134,-0.157777664579573
"323",54,"la","count",0.740752001396994,0.187359007477277,-0.0163381228607932,-0.0271322849085376,-0.263520081135471,-0.145573693783111
"324",54,"la","papers",3.71939257446628,-0.115025557242848,0.0681318037631833,0.250663667277041,0.000174844403139427,-0.00995976789914862
"325",55,"fa","rate",-3.62660558898627,0.110158039649977,-0.151977887868425,-0.0260338343676594,-0.135305578285408,-0.0743313371945912
"326",55,"fa","count",0.0530574084813831,0.155252247252713,-0.109378702848594,-0.015106355542498,-0.12493354861968,-0.0540642508351755
"327",55,"fa","papers",2.2955281364209,-0.187061276532666,0.0234572252915807,0.243278444473614,0.0638740024460216,0.153670528027073
"328",55,"la","rate",-2.92173284488291,0.184241660649354,-0.0583528011053681,-0.047734730737137,-0.258376940127936,-0.16505429476747
"329",55,"la","count",0.753847418241322,0.176789261351922,-0.0247490055641316,-0.0333439815349079,-0.255749477959412,-0.153355715687817
"330",55,"la","papers",3.71762510224603,-0.117563238883566,0.0699140822313093,0.249308466487022,0.0120535753257387,-0.00888330526163019
"331",56,"fa","rate",-3.63362463964888,0.103738380045232,-0.144703196066868,-0.0208291619510573,-0.124536213901969,-0.0692038356571474
"332",56,"fa","count",0.0501862865829907,0.140499348154507,-0.100588234037746,-0.0110184543826576,-0.114948051764656,-0.0498930281371504
"333",56,"fa","papers",2.29644016447535,-0.190218914533972,0.0271099059613476,0.242081515411926,0.0605684424206278,0.146436183042808
"334",56,"la","rate",-2.92759870923847,0.17489456594288,-0.0630413789952503,-0.0353567896383324,-0.246285002040076,-0.162433790612453
"335",56,"la","count",0.745631694106627,0.177720342770734,-0.023171678991168,-0.0254594515356002,-0.243224162945314,-0.148143662457204
"336",56,"la","papers",3.7172008806712,-0.123325296796486,0.0727572104385819,0.251049491643784,0.00527856947180059,-0.00331665957515565
"337",57,"fa","rate",-3.624016731193,0.10126820985415,-0.152610847040604,-0.0211318785823471,-0.144193513637921,-0.0579364743704835
"338",57,"fa","count",0.0539827900323864,0.145167341620915,-0.108608462143727,-0.0081113647000339,-0.131330193555445,-0.0430303279126769
"339",57,"fa","papers",2.2973906542269,-0.18886918929474,0.0327911385916719,0.242312482957752,0.0694950032224203,0.152164216532503
"340",57,"la","rate",-2.9218782678046,0.178995983931131,-0.0574087758855128,-0.0466126871805222,-0.251429145644052,-0.166396115795555
"341",57,"la","count",0.752700865413001,0.182807519795243,-0.0186561114576446,-0.0364328921750442,-0.254999765564303,-0.154389026236501
"342",57,"la","papers",3.72252302059612,-0.114029635980083,0.0720221697041482,0.250437548536232,-0.00838256554397136,-0.0182508294934338
"343",58,"fa","rate",-3.62590977824008,0.104351638608556,-0.151258905638733,-0.0224415085566002,-0.139089336401194,-0.0524678836566528
"344",58,"fa","count",0.0559597691687087,0.149915527769652,-0.109966222921017,-0.0126049313110295,-0.120088642151817,-0.0447372002352747
"345",58,"fa","papers",2.29492062151975,-0.190247723480643,0.0268152258447863,0.245477064077764,0.0647619664586874,0.154513586122407
"346",58,"la","rate",-2.92425538804517,0.185836573999665,-0.0596544475048281,-0.0421724862158723,-0.265795779256749,-0.157889477309272
"347",58,"la","count",0.745611030654917,0.183589253938566,-0.0241129227495902,-0.0257722826015884,-0.246978948448315,-0.144335269193534
"348",58,"la","papers",3.72422976846768,-0.127485809457012,0.069781024963585,0.248113789704924,0.00988334502235295,0.00394199877414078
"349",59,"fa","rate",-3.62445839848818,0.104500367047253,-0.150608520386449,-0.0257514848682555,-0.131832314888949,-0.0627845282461186
"350",59,"fa","count",0.0527495884248992,0.147211653144001,-0.108313293602753,-0.00810017033349803,-0.114836972230533,-0.0471251771989974
"351",59,"fa","papers",2.30009272663441,-0.194788404405635,0.0252187235497051,0.243517226307872,0.062943504284274,0.147359814937621
"352",59,"la","rate",-2.92224332676501,0.186961165260958,-0.0528532853348407,-0.0557131863054153,-0.240354789059861,-0.149381014740495
"353",59,"la","count",0.744914755374825,0.188581471926071,-0.0149580339024106,-0.0401288049886183,-0.235263477725168,-0.131909441820476
"354",59,"la","papers",3.71557962749621,-0.112635837788876,0.0752246723782106,0.249654440593978,0.0128023535040871,-0.00725485007416497
"355",60,"fa","rate",-3.61735341887985,0.0951446042545459,-0.153246561178855,-0.0272924844661001,-0.152851757033127,-0.0717103633391565
"356",60,"fa","count",0.0644931320549084,0.134242494104431,-0.109650104866926,-0.0133804563310243,-0.140551425312234,-0.0575245980465348
"357",60,"fa","papers",2.29959458136424,-0.194119571075481,0.0270168855975397,0.245345091729917,0.0560149363633689,0.149231303563117
"358",60,"la","rate",-2.93294934004091,0.196635668902666,-0.0486858265585458,-0.0437227171529425,-0.264077176571545,-0.154524490038575
"359",60,"la","count",0.745604955524438,0.196937034590614,-0.0119530137862432,-0.0362924599941092,-0.248593978310687,-0.141091576051061
"360",60,"la","papers",3.72506976555487,-0.129272931864343,0.0623438905063683,0.249478696333819,0.011216460463804,-0.00545542286712431
"361",61,"fa","rate",-3.62796170908217,0.105326583986139,-0.143340910383376,-0.0276501657303755,-0.133597339688523,-0.0767497171528143
"362",61,"fa","count",0.0531983387569135,0.146851957268579,-0.101602230232482,-0.0149715053875305,-0.121223142306278,-0.0580198863385814
"363",61,"fa","papers",2.29881243663872,-0.194627184884744,0.0268130947000518,0.242146069803258,0.0595964867264154,0.154174915624001
"364",61,"la","rate",-2.92957852807264,0.190664271024503,-0.0527742755540153,-0.0428629693269742,-0.259812615907459,-0.150505398377948
"365",61,"la","count",0.739886387209856,0.198321248667145,-0.0126973046227667,-0.0290508325486199,-0.266239502391246,-0.140620780408415
"366",61,"la","papers",3.72247158342764,-0.125434548968756,0.0655316497516449,0.252567021548403,0.0117521443929663,-0.00366413522119022
"367",62,"fa","rate",-3.62756518187263,0.0916774663965429,-0.157381356473577,-0.0204040929919485,-0.148884311182406,-0.0578626145553831
"368",62,"fa","count",0.0525282589749783,0.135129702226276,-0.117568167339403,-0.0067208246728282,-0.125159894150745,-0.039475684180756
"369",62,"fa","papers",2.29860288261848,-0.19304928618803,0.0192903630879274,0.245304390223989,0.0614514171679194,0.147024093951774
"370",62,"la","rate",-2.92774014055241,0.179391660872511,-0.0605564954365535,-0.037442123434589,-0.252430126243433,-0.163666014879376
"371",62,"la","count",0.740329878310095,0.181788993429752,-0.0156955335670186,-0.0259567540058376,-0.239723667868647,-0.147527746074618
"372",62,"la","papers",3.72205832642044,-0.115798152323394,0.0659022299007016,0.248364188492942,0.00336495625366366,-0.0124782618338391
"373",63,"fa","rate",-3.62918638408176,0.11125002448308,-0.150654297945824,-0.0213190138395454,-0.137886761001621,-0.0674755324779872
"374",63,"fa","count",0.0526041504404494,0.149889730047365,-0.108769446030263,-0.00768996283205011,-0.123507956011058,-0.0538946868591878
"375",63,"fa","papers",2.29791020561147,-0.183593575656191,0.0292058843654258,0.240104851201022,0.0553643808716329,0.137058037712313
"376",63,"la","rate",-2.92282236386668,0.190322100628762,-0.0671047554093404,-0.0426016704509864,-0.264569375275666,-0.161422492511898
"377",63,"la","count",0.748078733557315,0.193174644698862,-0.0299197162807665,-0.0308369869052273,-0.252332519381112,-0.144391100931209
"378",63,"la","papers",3.71354893712287,-0.108958588374229,0.0739091020206541,0.252700013873534,0.00527110337928386,-0.00156841130778139
"379",64,"fa","rate",-3.61910265693278,0.0942655187647688,-0.152430905934173,-0.0248851925027552,-0.1464378078849,-0.0772924083341049
"380",64,"fa","count",0.0625522882291913,0.133979933554591,-0.109914557262907,-0.0139797498489272,-0.135313282951625,-0.0562947123646649
"381",64,"fa","papers",2.29995779736694,-0.191270114186039,0.0231023119595064,0.244219065643353,0.0680449163291108,0.147290676976185
"382",64,"la","rate",-2.93308906508235,0.203723907039634,-0.0545606370546258,-0.0473320136454565,-0.246788483345937,-0.153052810837448
"383",64,"la","count",0.742646452996069,0.195908671528248,-0.0249711986053317,-0.034869099414882,-0.248181858078698,-0.133915199725174
"384",64,"la","papers",3.71891988401129,-0.11892751162932,0.0720700834660639,0.248895175176927,0.010893612821907,0.0034568777280342
"385",65,"fa","rate",-3.63707193095715,0.10301664244322,-0.14982853101868,-0.0129644248890301,-0.131965129968631,-0.0554445844318292
"386",65,"fa","count",0.0498743696076381,0.141366177344068,-0.106426917400401,-0.00588596174014007,-0.122778408750089,-0.0482622219290735
"387",65,"fa","papers",2.29714402007131,-0.193917239562004,0.02493597713857,0.244368944889731,0.0700894231681001,0.15022546086462
"388",65,"la","rate",-2.9208962693365,0.18854093209162,-0.0568291711748919,-0.0537568110294268,-0.275339549101721,-0.166779762369443
"389",65,"la","count",0.747070828049627,0.193256776396359,-0.0113281976973888,-0.0363874571994205,-0.255504001124291,-0.158348303415206
"390",65,"la","papers",3.7224835453663,-0.110905391422616,0.0698946886769121,0.246200414041329,-0.00204184547142005,-0.00131348723726973
"391",66,"fa","rate",-3.62651413872808,0.102402234018965,-0.155680266034892,-0.0295351478541326,-0.132998952490821,-0.0527658812909108
"392",66,"fa","count",0.0535078550061979,0.14297794938553,-0.110847027370459,-0.0158028269799819,-0.118889688989294,-0.0357040688722058
"393",66,"fa","papers",2.30130184036014,-0.198065816346064,0.0214043804367448,0.240768899783204,0.0675421791744935,0.157358192201184
"394",66,"la","rate",-2.92408301255326,0.197752826964256,-0.0529971228003743,-0.0531693981452017,-0.242147246864097,-0.165198312902429
"395",66,"la","count",0.746325015482146,0.197216773952679,-0.00934096850842627,-0.0400358608658184,-0.230512720823339,-0.150783235101577
"396",66,"la","papers",3.71644414381579,-0.116474155236542,0.0762704205229728,0.251856823269272,-0.0149861079828317,-0.00327363989987872
"397",67,"fa","rate",-3.62157114904964,0.0942674182314576,-0.159863623564925,-0.022509319696909,-0.124713265017911,-0.0846821795765442
"398",67,"fa","count",0.0616874506533431,0.131377770167493,-0.117268019253667,-0.010790269614107,-0.119093406159073,-0.0709179136992485
"399",67,"fa","papers",2.29858840678013,-0.198552645465484,0.0258611372183146,0.24566118255764,0.0561032066048761,0.150851751660084
"400",67,"la","rate",-2.92494035917954,0.179392797803382,-0.0695793715696652,-0.0385208443592625,-0.25845313645494,-0.146944540399089
"401",67,"la","count",0.74628821420116,0.181994253205973,-0.0320100099887219,-0.0253149072977903,-0.261606362942222,-0.12756165881415
"402",67,"la","papers",3.72077853968334,-0.113951557612207,0.0721595751322924,0.245908147584316,0.0126608539018383,-0.0124215201391132
"403",68,"fa","rate",-3.62963563120675,0.101314211537533,-0.153616424841954,-0.0205574889029858,-0.1318896683497,-0.0670510728708687
"404",68,"fa","count",0.0538240958990683,0.139333377497257,-0.109725308994835,-0.0080576983215742,-0.126335701664566,-0.0539290029120563
"405",68,"fa","papers",2.29714453842488,-0.189603243287885,0.0255153244079901,0.23863022753943,0.0716686275321696,0.159283491319665
"406",68,"la","rate",-2.93502121585794,0.191993343013221,-0.0707314966989146,-0.0341336754736276,-0.25799976343213,-0.147017771710337
"407",68,"la","count",0.73154534890861,0.198348704983685,-0.0230698016128547,-0.020199893789109,-0.254303488568366,-0.133858619662002
"408",68,"la","papers",3.72155065987391,-0.121278775925169,0.0627964884458711,0.250615488874729,0.00975094756527917,-0.00945527804590655
"409",69,"fa","rate",-3.62709816805928,0.0903455982356216,-0.154459864903929,-0.0196674672416796,-0.131003184043694,-0.0607668439290241
"410",69,"fa","count",0.0542294885690843,0.133044007025129,-0.111132446181811,-0.0101663354339621,-0.117967521120386,-0.0448911587859712
"411",69,"fa","papers",2.29346207766225,-0.183774832948529,0.0253929022410573,0.242119135020614,0.0672524965310295,0.156396657200619
"412",69,"la","rate",-2.90780358210835,0.179062845240675,-0.0601915502744148,-0.0544101599460449,-0.249153959580383,-0.167302652650729
"413",69,"la","count",0.756645250666604,0.183202468120588,-0.0215877528483573,-0.0359811549533935,-0.23756198854708,-0.153322017407532
"414",69,"la","papers",3.71440012637388,-0.111060969479079,0.0740052785615352,0.251892153895127,0.00833150592246005,-0.0067384089995336
"415",70,"fa","rate",-3.62403951138747,0.099186621721647,-0.145346366310678,-0.026417500628799,-0.147886645398518,-0.048664476476026
"416",70,"fa","count",0.0565095230689961,0.139653392538154,-0.101247126274877,-0.0107559801658772,-0.129960914665578,-0.0435741046783807
"417",70,"fa","papers",2.30147264220909,-0.188608858468747,0.0230126940820222,0.242555639900191,0.0605999938128323,0.150362740807033
"418",70,"la","rate",-2.92143679977805,0.187174838780683,-0.0643590557977513,-0.0437282525750534,-0.257388832637868,-0.176005910948866
"419",70,"la","count",0.754250800626814,0.182217770784666,-0.0310538039265925,-0.0339049027575759,-0.239837400844831,-0.156986794985958
"420",70,"la","papers",3.7168883536876,-0.117537392467643,0.0787953991120072,0.253686004851498,-0.0008976976604152,-0.0124476243128149
"421",71,"fa","rate",-3.62810325825499,0.100381368949847,-0.15031052162597,-0.0242645910559166,-0.141148159877786,-0.0673810138917224
"422",71,"fa","count",0.0562101224756225,0.137756958454628,-0.110986714218575,-0.00721137155192939,-0.132809611632677,-0.0585696508516817
"423",71,"fa","papers",2.29516374476174,-0.200258306608819,0.0274054377918028,0.244799718559861,0.0686965686973555,0.153514194351795
"424",71,"la","rate",-2.92706447594013,0.191068800363342,-0.0514940939352689,-0.0543737630176582,-0.253941226403698,-0.155553801072767
"425",71,"la","count",0.74787702871793,0.188856919402238,-0.0142627210761124,-0.0437581910661892,-0.24925920782626,-0.134144821240707
"426",71,"la","papers",3.71986918133838,-0.104758805138385,0.0799467923419412,0.247731223313299,-0.00131409575216014,-0.0239654075081146
"427",72,"fa","rate",-3.6265340785057,0.103534435574031,-0.146377247955501,-0.0262992396181789,-0.14622871494826,-0.0561660583307701
"428",72,"fa","count",0.0566147530849715,0.141479735617438,-0.107381816836349,-0.0128258569260305,-0.132584621482665,-0.0417896142894777
"429",72,"fa","papers",2.30045444398025,-0.189302764689282,0.0203324787990186,0.243099082631023,0.0612783347358,0.143155446992773
"430",72,"la","rate",-2.92845285260023,0.190451847911526,-0.0483264391630697,-0.0424719394596359,-0.261302257210986,-0.152364033496055
"431",72,"la","count",0.7472803406339,0.187637010752075,-0.0107410593675531,-0.0316184756314556,-0.260784171023455,-0.142960029159881
"432",72,"la","papers",3.72003850055622,-0.11499802592403,0.0614420317000202,0.252381593677223,0.00370855186295395,-0.0109927450534114
"433",73,"fa","rate",-3.62126634249078,0.101539925592976,-0.15933817008773,-0.0277354751965743,-0.136580859915214,-0.0559998685635809
"434",73,"fa","count",0.0591079188551626,0.143700360994687,-0.115414940451428,-0.0167934773736323,-0.123224654554182,-0.041928236874832
"435",73,"fa","papers",2.29917107957026,-0.188970947403926,0.0224290973301427,0.245147847946561,0.056023440248618,0.141324679122251
"436",73,"la","rate",-2.93337464101372,0.191336212102881,-0.0610993428474316,-0.0349375627052942,-0.249148470781024,-0.153561949445333
"437",73,"la","count",0.738480114871828,0.192892847783401,-0.0299329759971584,-0.0199973973712934,-0.248306065662554,-0.147425380513428
"438",73,"la","papers",3.72254258372332,-0.115266202904033,0.0658958607032218,0.249880537973777,0.0079812685143363,-0.0108619276961208
"439",74,"fa","rate",-3.61898048970873,0.100456980939834,-0.149955255906992,-0.0296209937303804,-0.131325490514691,-0.0637704621027251
"440",74,"fa","count",0.0637559156855272,0.134576476934026,-0.108332111241549,-0.0174859706249678,-0.12244184087676,-0.0477732504108208
"441",74,"fa","papers",2.2989648454936,-0.196576312158776,0.0237108762639477,0.243877079384851,0.0754823675955729,0.160490998439715
"442",74,"la","rate",-2.92054283546205,0.182767208330148,-0.0560847811639292,-0.0494823373498297,-0.245030753896493,-0.147890960106894
"443",74,"la","count",0.752132759189173,0.186503964098938,-0.0181619826544813,-0.0371912225572093,-0.238511614690723,-0.1430502884214
"444",74,"la","papers",3.72212798558518,-0.111316861440303,0.0742969041752248,0.246458853320567,0.00499804402003647,-0.0084090452072908
"445",75,"fa","rate",-3.62759128009545,0.101463214883099,-0.151546868900645,-0.0164085794246304,-0.123096518917631,-0.0803902900114064
"446",75,"fa","count",0.0523808748947623,0.140893738749901,-0.108800476218326,-0.00411497448943339,-0.113537102306329,-0.0591438532651198
"447",75,"fa","papers",2.30038740954142,-0.204829268557334,0.0217980405210093,0.246702216536048,0.0600522059674088,0.154755763361867
"448",75,"la","rate",-2.93039479372435,0.199273904729201,-0.0455887775204262,-0.0455539506533675,-0.270146001251904,-0.163963136375898
"449",75,"la","count",0.749157986172763,0.19412012881867,-0.0162409246593124,-0.0372327319568533,-0.263051800393107,-0.144695016582663
"450",75,"la","papers",3.71876667523885,-0.113919421211182,0.07113512593634,0.248827662023989,0.0126056938423868,-0.00341121854433835
"451",76,"fa","rate",-3.62892709934958,0.103283388580181,-0.149680803154393,-0.0207183323149407,-0.132897387691374,-0.0627971435756788
"452",76,"fa","count",0.0510424705688662,0.145935977649335,-0.106407421312298,-0.00571581391620866,-0.12374012168277,-0.0505842824281472
"453",76,"fa","papers",2.29787323537079,-0.193563712433305,0.0286001959652585,0.243903064708025,0.0672938591443222,0.149892294566194
"454",76,"la","rate",-2.92195789877309,0.184012344285277,-0.0521386560450509,-0.0526353470157963,-0.24188927728788,-0.169464075051437
"455",76,"la","count",0.746540458927552,0.186633616295919,-0.0101754181917907,-0.0369825250948215,-0.234985710527618,-0.154045850645422
"456",76,"la","papers",3.7222292521404,-0.12354551881595,0.0690778886344262,0.250888587000738,0.00285828753964438,-0.00872421868485364
"457",77,"fa","rate",-3.62022886125569,0.0986099144903446,-0.149967741173587,-0.0210547450027495,-0.156793577264147,-0.0761566907476675
"458",77,"fa","count",0.0613191957913022,0.141010862483646,-0.106191742214286,-0.0135251593671071,-0.13849552738957,-0.0600914652034473
"459",77,"fa","papers",2.30330495015643,-0.198686615528295,0.0255764100765483,0.243706472442473,0.0613583352688092,0.146051096161467
"460",77,"la","rate",-2.92140009933133,0.188443232009595,-0.0523422851764777,-0.0527016200270831,-0.274069707257494,-0.148649766586086
"461",77,"la","count",0.745471364122465,0.195575035449588,-0.0124194494411643,-0.0417332845268112,-0.275127254574717,-0.130221733419173
"462",77,"la","papers",3.71759770739411,-0.11521701198552,0.0735719951492285,0.252751988703432,0.00693563448847004,-0.0168536887764157
"463",78,"fa","rate",-3.6159341278735,0.0940752425349024,-0.154557856349666,-0.0319216935326182,-0.150951737916172,-0.0592672715765722
"464",78,"fa","count",0.0612547985315,0.140479701156449,-0.109470372251453,-0.0178401761021485,-0.12824666915003,-0.0456788526189943
"465",78,"fa","papers",2.30521204071623,-0.199429003601567,0.0193741719960449,0.242015729125824,0.0623835197459049,0.151414183580277
"466",78,"la","rate",-2.92141343524511,0.177326422907277,-0.0667866247703918,-0.0429189311276604,-0.228867862282719,-0.171306376894485
"467",78,"la","count",0.75404605200539,0.173849485771017,-0.0235209120948206,-0.0318852734491883,-0.226477908765264,-0.162814984638555
"468",78,"la","papers",3.72120226579008,-0.117012930760725,0.0718592879866652,0.249967818678687,0.0100663622818966,-0.0104440186126459
"469",79,"fa","rate",-3.62917779632948,0.107324907368813,-0.14857528086964,-0.0240728090616581,-0.143384877080901,-0.0641192651095431
"470",79,"fa","count",0.0542612631975298,0.151787908175704,-0.10412560360101,-0.016157400498148,-0.127515886627868,-0.0518384406011777
"471",79,"fa","papers",2.29913276489005,-0.195253641580069,0.0231988409640922,0.243410749314569,0.0688662976794108,0.147988819415037
"472",79,"la","rate",-2.93009075303073,0.179385568616208,-0.0511836997122628,-0.0424133959504714,-0.231698042841451,-0.157747923286382
"473",79,"la","count",0.744658399273936,0.179692129814231,-0.0174354342613759,-0.0284020118759897,-0.22397019438191,-0.151096778497274
"474",79,"la","papers",3.71758865935286,-0.118766691790683,0.0747835150444255,0.249637332909255,0.00850363565665963,-0.00287978587794037
"475",80,"fa","rate",-3.62299414724153,0.0919091627864641,-0.154607267692504,-0.0213446140345738,-0.140039696683113,-0.0642658825013888
"476",80,"fa","count",0.0555803250978442,0.138138952940553,-0.113848419068337,-0.006193147827157,-0.13018281200127,-0.0452089648481191
"477",80,"fa","papers",2.2975102881972,-0.190162893572581,0.028704361366233,0.24236062817703,0.0665878691792691,0.151413458716654
"478",80,"la","rate",-2.92090960035044,0.170476342575944,-0.0599959621803861,-0.0432995515040269,-0.243466453136694,-0.158728966621827
"479",80,"la","count",0.748858842064329,0.172086391357684,-0.023304804666542,-0.0284802678820141,-0.24265234645641,-0.14974097531506
"480",80,"la","papers",3.71967496333099,-0.110448887911582,0.0673893866997709,0.249330387747917,0.00334449376820525,-0.0166553051674031
"481",81,"fa","rate",-3.62802285553412,0.107711701086477,-0.154702074365677,-0.0206314418610818,-0.135821509922737,-0.0707153098895249
"482",81,"fa","count",0.0522667358383424,0.147437057518733,-0.113060349039692,-0.00659949191032644,-0.122288277712102,-0.054901232191711
"483",81,"fa","papers",2.2990327241079,-0.198144395106392,0.0202319695753917,0.245964415382691,0.0606017836139164,0.150879501928307
"484",81,"la","rate",-2.92366421047351,0.177604113529159,-0.0562994115576804,-0.0421066983074832,-0.237257464560609,-0.156730546001508
"485",81,"la","count",0.753384344383087,0.177597138986042,-0.0215696280320977,-0.0329706706527398,-0.238806332963024,-0.142357111513779
"486",81,"la","papers",3.72287800602452,-0.117846376719535,0.0712895485412613,0.253489835761693,0.00266326531344852,-0.00912593094307956
"487",82,"fa","rate",-3.62320641698657,0.0937316737543838,-0.157099011183752,-0.0239137898238073,-0.128479601441955,-0.05635727490019
"488",82,"fa","count",0.0586656983523052,0.133547326845229,-0.116241441173791,-0.0125969515890673,-0.124606227822349,-0.0401864218588303
"489",82,"fa","papers",2.30015538294476,-0.198886353584824,0.0211004338743615,0.244975375936678,0.0665214253382594,0.148173904819434
"490",82,"la","rate",-2.930584462856,0.191860239014209,-0.0473015706628891,-0.0478110032385145,-0.245262632845682,-0.167446996364311
"491",82,"la","count",0.740367318110932,0.187854058477959,-0.0124791122587872,-0.0292736914006937,-0.248236685070081,-0.155160146443637
"492",82,"la","papers",3.71861437041616,-0.117059634989199,0.0783975063132402,0.249395980906444,0.0109547820474508,-0.0119136052314884
"493",83,"fa","rate",-3.61921417727516,0.0956358155400344,-0.148967201266908,-0.0278115314122127,-0.131894995167605,-0.068415210719726
"494",83,"fa","count",0.057409968814539,0.137017237881814,-0.102002962202757,-0.0105187632956072,-0.116253310972136,-0.0546892121918286
"495",83,"fa","papers",2.29514289597291,-0.18820908135705,0.0298911187539618,0.240674225524441,0.062938811214963,0.152123022376877
"496",83,"la","rate",-2.91982559277351,0.171848400550357,-0.0620319029767812,-0.0469800046352504,-0.259066189599761,-0.161772207489136
"497",83,"la","count",0.747041747229013,0.179104383439839,-0.0268136254605599,-0.0326902624877266,-0.250458476988217,-0.139491228849179
"498",83,"la","papers",3.72143051483192,-0.11853214789568,0.0732371124988244,0.249625982834628,0.00246846232078095,-0.011846534805435
"499",84,"fa","rate",-3.62781914854684,0.102217285861378,-0.144070814276692,-0.026772559927325,-0.131785470953393,-0.0600144920609412
"500",84,"fa","count",0.0525582482644743,0.141528874180509,-0.0981876784695868,-0.0137671835930579,-0.126955104002825,-0.0438294168807267
"501",84,"fa","papers",2.29815957155209,-0.197278404498228,0.0241279221561912,0.245977482977054,0.0554038903323556,0.147232860711547
"502",84,"la","rate",-2.93015765332015,0.196142754628594,-0.0682462256086037,-0.0473363360032136,-0.243353618557593,-0.157838835148496
"503",84,"la","count",0.740195759979693,0.194363331967086,-0.0367569992440449,-0.0284151875967496,-0.243638478367944,-0.140332909037333
"504",84,"la","papers",3.71899561766616,-0.108734174271681,0.0693093737335145,0.250002711266172,0.00592072973064682,-0.00564644106846419
"505",85,"fa","rate",-3.63377725292333,0.10728189963724,-0.149362429569223,-0.0228618402835518,-0.146253732718038,-0.0581423210812567
"506",85,"fa","count",0.0448087175720738,0.152643423259514,-0.100262757036341,-0.0104035227987068,-0.132285160434643,-0.045166028851635
"507",85,"fa","papers",2.2986713698627,-0.197323525768467,0.0240702200343972,0.244073959399546,0.0777370835326235,0.147063993243147
"508",85,"la","rate",-2.92765531120592,0.195180012629307,-0.0648078926204092,-0.0506508661680348,-0.244922129366354,-0.153317694323321
"509",85,"la","count",0.747556910090503,0.189122909060482,-0.0195248159792419,-0.0393325166748232,-0.241428948002624,-0.146373017563605
"510",85,"la","papers",3.71822337884862,-0.118508006497871,0.0698012143432292,0.252764753714564,0.00851431767383073,-0.00614992856590902
"511",86,"fa","rate",-3.63054445298743,0.109808077086846,-0.143896958907127,-0.0201603964054809,-0.153918710963891,-0.0637824531419718
"512",86,"fa","count",0.0485424750056327,0.148222767151453,-0.104716844582958,-0.0051828996541024,-0.13566035592675,-0.0488022799672515
"513",86,"fa","papers",2.29223912189815,-0.191705635161026,0.0269714003861899,0.248166961074426,0.0607125611575038,0.155270138177464
"514",86,"la","rate",-2.92668963471183,0.183102381118544,-0.059456692339028,-0.0436611426160308,-0.225479580727802,-0.166906536827085
"515",86,"la","count",0.739807124445084,0.189394121337689,-0.0158538817426445,-0.030562293873803,-0.22194564992697,-0.153867993631316
"516",86,"la","papers",3.71982237007257,-0.122350405052948,0.07044991879141,0.25177057098049,0.00443662818389949,-0.00730766459012789
"517",87,"fa","rate",-3.62857606191936,0.0991264995782506,-0.155615515073547,-0.0159871627123077,-0.13116654012897,-0.0677696070797311
"518",87,"fa","count",0.0548844637201798,0.140922966604768,-0.111583030201082,-0.00759632779132781,-0.117568940305181,-0.0605188799188929
"519",87,"fa","papers",2.2987942483706,-0.201164477176276,0.0244954026390781,0.243207329533307,0.0614547857394551,0.158055430874631
"520",87,"la","rate",-2.91718218225662,0.174808937786307,-0.0597429120327838,-0.0497923985396724,-0.244710051142717,-0.159325952752075
"521",87,"la","count",0.754557761457294,0.174469160785775,-0.0272142557129616,-0.0327628480422035,-0.240892125982527,-0.144777862320473
"522",87,"la","papers",3.71914688207109,-0.110263982800625,0.0733023558718446,0.24855533486199,-0.000584149189847875,-0.0131995212169896
"523",88,"fa","rate",-3.62389099717724,0.0998774789370757,-0.162795294255716,-0.0241093570931839,-0.135026844819209,-0.0634422874224533
"524",88,"fa","count",0.0644717835754205,0.129491131828208,-0.113989777022132,-0.0173545471819926,-0.112200408590298,-0.0537277717979409
"525",88,"fa","papers",2.30085337745238,-0.199626600287584,0.0208967168478838,0.2448194912068,0.0585979400710119,0.152188680781474
"526",88,"la","rate",-2.92634762570292,0.180507425997019,-0.0608541972156103,-0.0395344790224717,-0.24335762589212,-0.162441959682015
"527",88,"la","count",0.748516689167492,0.184046027312353,-0.0279568622273464,-0.0298489053622079,-0.237906137521099,-0.144500780282344
"528",88,"la","papers",3.71781865809484,-0.108714777284584,0.0716805943086228,0.24806855482715,0.0119914892746752,-0.0132040729515657
"529",89,"fa","rate",-3.63294985440888,0.110104321720883,-0.147516298073144,-0.0244466466567974,-0.125503763694976,-0.0726586718951453
"530",89,"fa","count",0.0493376666844817,0.149989334186467,-0.108182358122462,-0.0112148945585082,-0.110915385441553,-0.0497381857407543
"531",89,"fa","papers",2.29775851239504,-0.189938575043155,0.0207133543170492,0.244890764691328,0.0649046473046317,0.146450864702612
"532",89,"la","rate",-2.9189179679938,0.188568611453878,-0.0750949540282648,-0.0424159093989494,-0.260741942291695,-0.157086775388339
"533",89,"la","count",0.747708967998913,0.193903499088987,-0.0320145022271907,-0.0257980224530115,-0.25223276606167,-0.143438301948155
"534",89,"la","papers",3.71999788235191,-0.112950938149224,0.0651924553729651,0.25491895514845,0.00765211485168824,-0.0136236964234836
"535",90,"fa","rate",-3.62797064401661,0.101873516801263,-0.152608053226104,-0.0189185676355799,-0.129003547986905,-0.0585408554719969
"536",90,"fa","count",0.0514310765027101,0.1417648712535,-0.109397294483608,-0.00359857395604338,-0.111293118420924,-0.0478558394610891
"537",90,"fa","papers",2.29954208715952,-0.201335053734824,0.0253466657133125,0.246861118695567,0.0631748678344949,0.149820451229056
"538",90,"la","rate",-2.92811681369946,0.17479815310177,-0.0568516063099001,-0.0450131288718553,-0.230673608111974,-0.151531954082327
"539",90,"la","count",0.741614060563967,0.18291160893646,-0.0193485585547407,-0.0325628844114991,-0.224211447882282,-0.141226146792301
"540",90,"la","papers",3.7109779063699,-0.106103665175833,0.0698127685864183,0.255222981326367,0.00468102683786793,-0.00453633273971655
"541",91,"fa","rate",-3.62567130373488,0.0953302704400806,-0.15599788978627,-0.0190584883136667,-0.142871668838039,-0.0497660217314403
"542",91,"fa","count",0.0596935846589829,0.141678816528686,-0.117615721238764,-0.0095593605567566,-0.131654018551628,-0.0444840030429569
"543",91,"fa","papers",2.30086761314346,-0.19929362641473,0.0271886222740793,0.241239217841284,0.0686898232884862,0.158302371962111
"544",91,"la","rate",-2.92480783754803,0.188039379457946,-0.0695977023669206,-0.0423368192047587,-0.231406543303854,-0.151608278574362
"545",91,"la","count",0.746358271317515,0.185405295012127,-0.0286644108252237,-0.0301609084510897,-0.226399250461764,-0.134701448702319
"546",91,"la","papers",3.72014812626341,-0.110459233423957,0.0699100148845842,0.249594107853062,-0.00197551076417575,-0.00961621158012547
"547",92,"fa","rate",-3.62650650914208,0.101644831125565,-0.150048189380885,-0.0305544400397325,-0.141098826644106,-0.060807179666805
"548",92,"fa","count",0.0537435521766739,0.140337397012023,-0.105917315503176,-0.0143754316532969,-0.12089630897115,-0.0502345180631674
"549",92,"fa","papers",2.29783920108135,-0.194540542662859,0.0215844507935494,0.241271502647947,0.0531715421252648,0.157922777077824
"550",92,"la","rate",-2.92481627847465,0.185401940657823,-0.0589062622792182,-0.0490666786079089,-0.259606769079123,-0.152244849139802
"551",92,"la","count",0.744471446599252,0.188889679782739,-0.0234660386936381,-0.0326705932083236,-0.255944635521516,-0.135476120986865
"552",92,"la","papers",3.71489341603453,-0.0980756442959838,0.072864095495744,0.250990600770641,0.0014093137630908,-0.0175857344195951
"553",93,"fa","rate",-3.62858704496058,0.0964932133507802,-0.156457522458815,-0.0196147866249723,-0.117766576797639,-0.0597748409205574
"554",93,"fa","count",0.054275442133008,0.141119016833259,-0.112052679805736,-0.0111083903437416,-0.117256202559225,-0.0502273456983677
"555",93,"fa","papers",2.29977690721025,-0.19276360608558,0.019514261534263,0.240623858435068,0.0634011502753927,0.152551577918955
"556",93,"la","rate",-2.9239879270528,0.176210998896845,-0.0535456198264998,-0.0501475041374854,-0.240350672212829,-0.156741211295726
"557",93,"la","count",0.7452642804225,0.177293194257457,-0.0127620505660035,-0.0398098183779718,-0.238290631058508,-0.138094679262152
"558",93,"la","papers",3.71817124494958,-0.113507193122974,0.0676820522978884,0.25240177704713,0.00864085719054799,-0.0101929840661503
"559",94,"fa","rate",-3.62071800723247,0.100880913961622,-0.156206865191175,-0.0279452280723222,-0.144446360690787,-0.07708260444109
"560",94,"fa","count",0.0643811685744381,0.140984400958739,-0.112555942542447,-0.0173233938202703,-0.130292732150496,-0.060751057975305
"561",94,"fa","papers",2.29387250469627,-0.186609151429248,0.0244393101300439,0.247115694359041,0.0635310911485086,0.150172993660897
"562",94,"la","rate",-2.93224687590864,0.194502737839413,-0.0557910615545701,-0.0387752703473636,-0.263606325615454,-0.173389425848694
"563",94,"la","count",0.737977245102375,0.195482097079693,-0.0115945906996877,-0.0236247453785059,-0.258811179443721,-0.152547159320445
"564",94,"la","papers",3.71939663818886,-0.110945112034518,0.0691327993366668,0.252961000167874,0.0046892856843535,-0.0147101592576005
"565",95,"fa","rate",-3.62570395477519,0.0955768584417534,-0.151410414548078,-0.0150495662335087,-0.14592209316332,-0.0740233182831872
"566",95,"fa","count",0.0567050388796438,0.134597656348969,-0.110930377934588,-0.00219164649318554,-0.133580286883024,-0.0596366556816712
"567",95,"fa","papers",2.29925340990348,-0.198171919177958,0.0272367261547861,0.242315949229305,0.0606617786419848,0.153810900211859
"568",95,"la","rate",-2.93274528604298,0.184212690399931,-0.051488697772167,-0.0462763378797613,-0.224591361432463,-0.150332105315092
"569",95,"la","count",0.735907751721839,0.194212378076759,-0.0132401369209137,-0.0303108744824167,-0.223375205580912,-0.143501386033614
"570",95,"la","papers",3.72166698921524,-0.122686883466409,0.0690640517018641,0.25098297896914,-0.00130040961465728,-0.000737609398306486
"571",96,"fa","rate",-3.62851142299053,0.098690910488284,-0.150723383426536,-0.0244061454610635,-0.129224550853995,-0.0604754953979847
"572",96,"fa","count",0.0545704381047288,0.137056575336743,-0.106256059369532,-0.0118556115809841,-0.117989459704953,-0.0430410905252726
"573",96,"fa","papers",2.29828830344211,-0.190423575987557,0.0235356641622601,0.240439188977727,0.0589030255010498,0.150323436875364
"574",96,"la","rate",-2.93104870522859,0.185339969727546,-0.0647575321187414,-0.0380993265618299,-0.220755344394057,-0.15389775232786
"575",96,"la","count",0.736687508211106,0.178665842427519,-0.0254228171868573,-0.0158728330110883,-0.225495525240879,-0.141516671127661
"576",96,"la","papers",3.72078396816016,-0.114667326175746,0.0672427312506873,0.248430905727543,0.000490406818373646,-0.00525491889324878
"577",97,"fa","rate",-3.62562599434292,0.0955973564106013,-0.150362718756735,-0.0231395199713759,-0.122762870840884,-0.0554532458771176
"578",97,"fa","count",0.0598563612844616,0.135191303911743,-0.108589515271252,-0.0120399923723729,-0.112184079512261,-0.0448337318388924
"579",97,"fa","papers",2.30226982212389,-0.195580840473508,0.0292724594255265,0.237309509743827,0.0711571815322362,0.155473956349528
"580",97,"la","rate",-2.92865208527029,0.198783861929569,-0.0516441356988645,-0.0543178662050646,-0.236855745105053,-0.161556209216096
"581",97,"la","count",0.741449617267428,0.196970345598012,-0.0126064646537508,-0.0389152335406655,-0.225882740010023,-0.135362116082606
"582",97,"la","papers",3.72002364357556,-0.117342209194585,0.0702981286363582,0.251986101968117,0.00527826669041666,-0.011515642187001
"583",98,"fa","rate",-3.62553634156314,0.0944660461734647,-0.150094984859362,-0.0251965903861622,-0.125369980532076,-0.065311450422181
"584",98,"fa","count",0.0577136647433059,0.137071135098777,-0.102923365842634,-0.0128076823903163,-0.120693231864932,-0.0612588929469554
"585",98,"fa","papers",2.29460559152497,-0.188603814369805,0.0255125530441008,0.246213340786318,0.0676511079509714,0.153737039946727
"586",98,"la","rate",-2.9189384652208,0.178293630730418,-0.0502095058871246,-0.0525411711621853,-0.271453367293112,-0.156195752033599
"587",98,"la","count",0.747170866375515,0.178738490436676,-0.00661833754184746,-0.0382244643426066,-0.25689901550363,-0.141847038118539
"588",98,"la","papers",3.72534016694686,-0.114075508922254,0.0649470235561476,0.24689225814149,-0.00751075914135272,-0.0137195020906706
"589",99,"fa","rate",-3.61753437854969,0.0975122407239669,-0.16381602669481,-0.0191751663402735,-0.143853354430276,-0.0644284522538149
"590",99,"fa","count",0.0618154802401101,0.141550774045949,-0.11772082413204,-0.00771980839158996,-0.128967252368933,-0.0502699785640734
"591",99,"fa","papers",2.3016413367536,-0.194936429527418,0.0233193515805878,0.242050626395608,0.0709649255419024,0.143151623614567
"592",99,"la","rate",-2.91583988382105,0.18760681147629,-0.06953975083314,-0.05623429731629,-0.251303558165495,-0.161314005273006
"593",99,"la","count",0.750104969620395,0.189726954925648,-0.0314975853431668,-0.0377254127819309,-0.249077007648712,-0.149122119550594
"594",99,"la","papers",3.71821845068071,-0.112935213081283,0.0713696585999568,0.250540500767387,0.0036086439471164,-0.0154185161619866
"595",100,"fa","rate",-3.63142440036959,0.112073743092709,-0.137398784078311,-0.0272399733786741,-0.148591166874888,-0.0566151668458365
"596",100,"fa","count",0.0523469115886201,0.150806753103005,-0.0983740239180245,-0.0166873228665594,-0.131380839821422,-0.0453408483373473
"597",100,"fa","papers",2.29416297240404,-0.185670441188794,0.0305370703564057,0.24110361022597,0.0609808309979125,0.150739979296748
"598",100,"la","rate",-2.91917702062138,0.173651907325336,-0.0736251860117183,-0.047928416411561,-0.248227286490485,-0.140823623163529
"599",100,"la","count",0.753160330151849,0.178902783391212,-0.0361652134452731,-0.0310478594565644,-0.245693648650246,-0.137970420594775
"600",100,"la","papers",3.71977369173056,-0.118410305547865,0.0708330065569725,0.249972618735787,0.0119204425654848,-0.00436030947277516
